-- phpMyAdmin SQL Dump
-- version 4.7.0
-- https://www.phpmyadmin.net/
--
-- Host: localhost
-- Generation Time: May 09, 2017 at 07:48 PM
-- Server version: 5.6.36
-- PHP Version: 5.6.30

SET SQL_MODE = "NO_AUTO_VALUE_ON_ZERO";
SET AUTOCOMMIT = 0;
START TRANSACTION;
SET time_zone = "+00:00";


/*!40101 SET @OLD_CHARACTER_SET_CLIENT=@@CHARACTER_SET_CLIENT */;
/*!40101 SET @OLD_CHARACTER_SET_RESULTS=@@CHARACTER_SET_RESULTS */;
/*!40101 SET @OLD_COLLATION_CONNECTION=@@COLLATION_CONNECTION */;
/*!40101 SET NAMES utf8mb4 */;

--
-- Database: `boyphon1_prouse`
--

-- --------------------------------------------------------

--
-- Table structure for table `intoprofile`
--

CREATE TABLE `intoprofile` (
  `id` varchar(50) NOT NULL,
  `profileinfo` mediumtext NOT NULL,
  `relationship` varchar(100) NOT NULL,
  `address` varchar(100) NOT NULL,
  `phonenumber` varchar(13) NOT NULL,
  `email` varchar(30) NOT NULL,
  `link1` varchar(200) NOT NULL,
  `link2` varchar(200) NOT NULL,
  `link3` varchar(200) NOT NULL,
  `link4` varchar(200) NOT NULL,
  `steamprofile` varchar(100) NOT NULL,
  `igprofile` varchar(30) NOT NULL,
  `garenaprofile` varchar(30) NOT NULL,
  `twitterid` varchar(25) NOT NULL,
  `youtubechannel` varchar(50) NOT NULL,
  `battletag` varchar(50) NOT NULL,
  `tagorow` varchar(1) NOT NULL,
  `messengerlink` varchar(100) NOT NULL,
  `password` varchar(40) NOT NULL,
  `LoginStatus` varchar(1) NOT NULL,
  `LastUpdate` datetime NOT NULL
) ENGINE=InnoDB DEFAULT CHARSET=utf8;

--
-- Dumping data for table `intoprofile`
--

INSERT INTO `intoprofile` (`id`, `profileinfo`, `relationship`, `address`, `phonenumber`, `email`, `link1`, `link2`, `link3`, `link4`, `steamprofile`, `igprofile`, `garenaprofile`, `twitterid`, `youtubechannel`, `battletag`, `tagorow`, `messengerlink`, `password`, `LoginStatus`, `LastUpdate`) VALUES
('1175719475860096', '<p style=\"text-align: center;\">สวัสดี เราชื่อเล่น บอย ชื่อจริง เรา คือ พงศกร วิเศษธร&nbsp;บ้านอยู่ ขอนแก่น ประเทศไทยโลก นะ เป็นคนตลก ง่ายๆ</p>\r\n<p style=\"text-align: center;\">เราชอบ เพลงนี้&nbsp;</p>\r\n<p><iframe src=\"//www.youtube.com/embed/0R2XZRrZDFo\" width=\"100%\" height=\"315\" frameborder=\"0\" allowfullscreen=\"allowfullscreen\"></iframe></p>', 'โสด', '61/10 ต.ท่าศาลา อ.มัญจาคีรี จ.ขอนแก่น 40160', '0994761454', 'boyphongsakorn@outlook.com', 'http://boyphongsakorn.ga/', 'http://boyphongsakorn.xyz', 'http://video.boyphongsakorn.ga/', 'https://www.facebook.com/boyphongsakorn.ga', 'http://steamsignature.com/profile/english/76561198069538631.png', 'boyphongsakorn.ga', 'yoyoyo1556', 'BoyPhongsako_ga', 'boyphongsakorn', 'Boy1556#1596', '0', 'http://m.me/boyphongsakorn.ga', '0823039158', '0', '0000-00-00 00:00:00'),
('126011287888423', '<p>Hello i am the flash</p>', 'single', 'khonkaen thailand', '-', 'ongamecrafttv@gmail.com', 'https://steamcommunity.com/id/BoyPhongsakorn', 'https://www.youtube.com/channel/UCqwscc-eaqaYeiy9hgrda8Q', 'https://plus.google.com/u/0/b/114003174881158239432/+BoyphongsakornGame?pageId=114003174881158239432', 'https://boyphongsakorn.wordpress.com/', 'http://steamsignature.com/profile/english/76561198069538631.png', 'phongsakornwisetthon', 'yoyoyoon1556', '', '', '', '0', '', '', '0', '0000-00-00 00:00:00'),
('102963730200283', '<p><iframe src=\"https://www.youtube.com/embed/OxPv8mSTv9U\" width=\"560\" height=\"315\" frameborder=\"0\" allowfullscreen=\"allowfullscreen\"></iframe></p>', '', '', '', '', '', '', '', '', '', '', '', '', '', '', '0', '', '', '0', '0000-00-00 00:00:00'),
('119545001871016', '', '', '', '', '', '', '', '', '', '', '', '', '', '', '', '0', '', '', '0', '0000-00-00 00:00:00'),
('111397732687691', '', '', '', '', '', '', '', '', '', '', 'phongsakornwisetthon', '', '', '', '', '0', '', '', '0', '0000-00-00 00:00:00');

-- --------------------------------------------------------

--
-- Table structure for table `user`
--

CREATE TABLE `user` (
  `id` varchar(40) NOT NULL,
  `name` varchar(100) NOT NULL,
  `lastlogin` datetime NOT NULL,
  `registerday` datetime NOT NULL,
  `firstname` varchar(100) NOT NULL,
  `lastname` varchar(100) NOT NULL,
  `coverurl` varchar(300) NOT NULL,
  `picture` varchar(300) NOT NULL,
  `age` varchar(3) NOT NULL,
  `birthday` varchar(13) NOT NULL,
  `view` varchar(10) NOT NULL,
  `betauser` varchar(1) NOT NULL,
  `LoginStatus` varchar(1) NOT NULL,
  `LastUpdate` datetime NOT NULL
) ENGINE=InnoDB DEFAULT CHARSET=utf8;

--
-- Dumping data for table `user`
--

INSERT INTO `user` (`id`, `name`, `lastlogin`, `registerday`, `firstname`, `lastname`, `coverurl`, `picture`, `age`, `birthday`, `view`, `betauser`, `LoginStatus`, `LastUpdate`) VALUES
('1175719475860096', 'Phongsakorn Boy Wisetthon', '2017-05-08 12:16:28', '2016-12-10 17:59:07', 'Phongsakorn', 'Wisetthon', 'https://scontent.xx.fbcdn.net/v/t1.0-9/s720x720/16996419_1251027014996008_1628388012154334626_n.jpg?oh=a08ae6a7da7baf3a268d53d116c6e4c2&oe=5927584F', 'https://scontent.xx.fbcdn.net/v/t1.0-1/p50x50/17022252_1253178401447536_2553248006895716837_n.jpg?oh=65d1b0dac0229ce03f6b0d76d3ac7afd&oe=592C907A', '17', '03/02/1999', '99', '1', '', '0000-00-00 00:00:00'),
('1070076479781900', 'HumDum WiseDotagg', '2017-03-03 21:44:33', '2016-12-10 18:18:03', 'HumDum', 'WiseDotagg', 'https://scontent.xx.fbcdn.net/v/t1.0-9/s720x720/15170901_1051331594989722_8234838311087462900_n.jpg?oh=96c8109b3ddcc3af41f2cfa62ddc4386&oe=58B4CEB9', 'https://scontent.xx.fbcdn.net/v/t1.0-1/p50x50/14681844_1021970384592510_7771669663978952975_n.jpg?oh=ce345bdf3b19b9989998b696ab867ce2&oe=58E91FE4', '20', '03/02/1999', '16', '1', '', '0000-00-00 00:00:00'),
('604828773035227', 'พงศกร วิเศษธร', '2016-12-18 13:18:04', '2016-12-10 18:45:02', 'พงศกร', 'วิเศษธร', 'https://scontent.xx.fbcdn.net/v/t1.0-9/s720x720/11403213_397744280410345_8355365221220664636_n.jpg?oh=140e74943de2bfc6c0de3aa648e85144&oe=58BBD388', 'https://scontent.xx.fbcdn.net/v/t1.0-1/p50x50/10553519_487129221471850_4113885730876525421_n.jpg?oh=096bbd186cce92dc53e4aaa3b8c58925&oe=58B520B3', '', '03/02/1999', '23', '1', '', '0000-00-00 00:00:00'),
('126011287888423', 'James Aladchfegibci Panditstein', '2016-12-11 12:00:03', '2016-12-11 11:42:49', 'James', 'Panditstein', 'https://scontent.xx.fbcdn.net/v/t31.0-8/s720x720/15493282_126012884554930_8165955956547651074_o.jpg?oh=b13acbafcf6dfce82e41d1623ac9b2cc&oe=58BCFAF5', 'https://scontent.xx.fbcdn.net/v/t1.0-1/c15.0.50.50/p50x50/10354686_10150004552801856_220367501106153455_n.jpg?oh=61d2ef0908c4e9ea88e64dcd066685fb&oe=58E9C72F', '14', '03/02/1989', '4', '1', '', '0000-00-00 00:00:00'),
('102963730200283', 'Carol Aladeiifhcak Baoberg', '2017-03-01 23:07:15', '2016-12-11 12:05:33', 'Carol', 'Baoberg', 'https://scontent.xx.fbcdn.net/v/t1.0-9/s720x720/15337575_102964133533576_5970596487145310110_n.jpg?oh=21ffaefd8c2043e02092be972e3875c5&oe=58FC7CCD', 'https://scontent.xx.fbcdn.net/v/t1.0-1/c15.0.50.50/p50x50/1379841_10150004552801901_469209496895221757_n.jpg?oh=9ce458672e50fa12c18e3ccd042af80b&oe=58B50433', '', '', '10', '1', '', '0000-00-00 00:00:00'),
('119545001871016', 'Betty Aladdfeejeck Fergiesky', '2016-12-11 22:43:17', '2016-12-11 22:42:07', 'Betty', 'Fergiesky', 'https://scontent.xx.fbcdn.net/v/t1.0-9/s720x720/15326523_119546225204227_5325387676261029204_n.jpg?oh=f48e06a6623cb52d049e0641e0ffd35b&oe=58BAB522', 'https://scontent.xx.fbcdn.net/v/t1.0-1/c15.0.50.50/p50x50/1379841_10150004552801901_469209496895221757_n.jpg?oh=9ce458672e50fa12c18e3ccd042af80b&oe=58B50433', '20', '03/02/1999', '5', '1', '', '0000-00-00 00:00:00'),
('111397732687691', 'Open Graph Test User', '2016-12-14 05:53:27', '2016-12-13 22:37:21', 'Open', 'User', 'https://scontent.xx.fbcdn.net/v/t1.0-9/s720x720/15319246_111401329353998_733595213989684208_n.jpg?oh=2d0bff9946e76b1abef20b885ba756ce&oe=58FC7FD8', 'https://scontent.xx.fbcdn.net/v/t1.0-1/c15.0.50.50/p50x50/10354686_10150004552801856_220367501106153455_n.jpg?oh=61d2ef0908c4e9ea88e64dcd066685fb&oe=58E9C72F', '', '03/02/1999', '4', '1', '', '0000-00-00 00:00:00'),
('1610517895921889', 'Boy Phongsakorn', '2016-12-20 23:06:06', '2016-12-20 23:04:53', 'Boy', 'Phongsakorn', '', 'https://scontent.xx.fbcdn.net/v/t1.0-1/c0.2.50.50/p50x50/10410222_1382846238689057_4080542078281857237_n.jpg?oh=753f5e539da19aac2e38958226446a38&oe=58FB3EC1', '17', '', '9', '1', '', '0000-00-00 00:00:00');

-- --------------------------------------------------------

--
-- Table structure for table `viewer`
--

CREATE TABLE `viewer` (
  `ip` varchar(30) NOT NULL,
  `id` varchar(30) NOT NULL,
  `viewdatatime` date NOT NULL,
  `pageview` varchar(30) NOT NULL,
  `viewtime` datetime NOT NULL
) ENGINE=InnoDB DEFAULT CHARSET=utf8;

--
-- Dumping data for table `viewer`
--

INSERT INTO `viewer` (`ip`, `id`, `viewdatatime`, `pageview`, `viewtime`) VALUES
('223.206.251.157', '', '2016-12-13', '1175719475860096', '2016-12-13 22:44:10'),
('223.206.251.157', '', '2016-12-14', '1175719475860096', '2016-12-14 05:48:32'),
('202.29.230.237', '', '2016-12-14', '1175719475860096', '2016-12-14 10:01:18'),
('103.10.197.2', '', '2016-12-14', '1175719475860096', '2016-12-14 11:32:03'),
('223.206.251.198', '', '2016-12-14', '1175719475860096', '2016-12-14 18:47:41'),
('199.16.157.181', '', '2016-12-14', '1175719475860096', '2016-12-14 22:27:47'),
('17.142.155.148', '', '2016-12-14', '1175719475860096', '2016-12-14 22:27:48'),
('178.32.216.192', '', '2016-12-14', '1175719475860096', '2016-12-14 22:27:52'),
('23.96.208.137', '', '2016-12-14', '1175719475860096', '2016-12-14 22:28:01'),
('8.21.198.175', '', '2016-12-14', '604828773035227', '2016-12-14 22:31:10'),
('8.21.198.175', '', '2016-12-14', '1175719475860096', '2016-12-14 22:31:10'),
('8.21.198.175', '', '2016-12-14', '119545001871016', '2016-12-14 22:31:10'),
('8.21.198.228', '', '2016-12-14', '102963730200283', '2016-12-14 22:31:11'),
('173.252.123.135', '', '2016-12-14', '1175719475860096', '2016-12-14 22:35:32'),
('223.206.251.198', '1175719475860096', '2016-12-14', '604828773035227', '2016-12-14 22:37:21'),
('138.201.129.69', '', '2016-12-14', '1175719475860096', '2016-12-14 22:37:21'),
('223.206.251.198', '1175719475860096', '2016-12-14', '102963730200283', '2016-12-14 22:37:26'),
('49.228.114.98', '', '2016-12-14', '1175719475860096', '2016-12-14 22:49:53'),
('223.204.11.190', '', '2016-12-14', '1175719475860096', '2016-12-14 22:58:51'),
('1.4.176.223', '', '2016-12-14', '1175719475860096', '2016-12-14 23:00:25'),
('27.145.185.205', '', '2016-12-14', '1175719475860096', '2016-12-14 23:09:30'),
('223.206.251.198', '', '2016-12-15', '1175719475860096', '2016-12-15 00:19:13'),
('223.206.250.176', '', '2016-12-15', '1175719475860096', '2016-12-15 01:03:23'),
('199.201.64.137', '', '2016-12-15', '1175719475860096', '2016-12-15 03:49:25'),
('223.204.11.162', '', '2016-12-15', '1175719475860096', '2016-12-15 07:22:56'),
('171.96.190.171', '', '2016-12-15', '1175719475860096', '2016-12-15 18:01:06'),
('223.206.248.22', '1175719475860096', '2016-12-15', '1175719475860096', '2016-12-15 19:26:06'),
('223.206.248.22', '1175719475860096', '2016-12-15', '604828773035227', '2016-12-15 19:27:23'),
('223.206.248.22', '1175719475860096', '2016-12-15', '1070076479781900', '2016-12-15 19:27:43'),
('223.206.250.147', '1175719475860096', '2016-12-16', '1175719475860096', '2016-12-16 20:09:45'),
('223.206.250.147', '', '2016-12-17', '1175719475860096', '2016-12-17 10:27:03'),
('223.206.250.147', '1175719475860096', '2016-12-17', '604828773035227', '2016-12-17 12:16:55'),
('223.206.250.147', '1175719475860096', '2016-12-17', '102963730200283', '2016-12-17 16:38:17'),
('223.206.248.225', '604828773035227', '2016-12-17', '1175719475860096', '2016-12-17 21:23:15'),
('223.206.248.225', '1175719475860096', '2016-12-17', '102963730200283', '2016-12-17 21:58:58'),
('223.206.248.225', '604828773035227', '2016-12-18', '1175719475860096', '2016-12-18 00:08:07'),
('223.206.248.225', '604828773035227', '2016-12-18', '604828773035227', '2016-12-18 00:18:44'),
('223.206.248.225', '1070076479781900', '2016-12-18', '1070076479781900', '2016-12-18 12:24:10'),
('69.63.188.199', '', '2016-12-18', '1070076479781900', '2016-12-18 12:24:13'),
('199.16.157.182', '', '2016-12-18', '604828773035227', '2016-12-18 13:17:40'),
('17.142.155.148', '', '2016-12-18', '604828773035227', '2016-12-18 13:17:41'),
('52.21.178.185', '', '2016-12-18', '604828773035227', '2016-12-18 13:17:44'),
('23.96.208.137', '', '2016-12-18', '604828773035227', '2016-12-18 13:18:48'),
('223.206.248.225', '1175719475860096', '2016-12-19', '1175719475860096', '2016-12-19 17:39:19'),
('180.180.243.233', '', '2016-12-20', '1175719475860096', '2016-12-20 10:03:59'),
('223.206.235.220', '', '2016-12-20', '1175719475860096', '2016-12-20 23:03:24'),
('223.206.235.220', '1610517895921889', '2016-12-20', '1610517895921889', '2016-12-20 23:05:16'),
('173.252.124.16', '', '2016-12-20', '1610517895921889', '2016-12-20 23:05:18'),
('223.206.235.220', '', '2016-12-21', '1175719475860096', '2016-12-21 21:10:28'),
('124.122.192.216', '', '2016-12-22', '1175719475860096', '2016-12-22 17:57:21'),
('223.206.249.48', '', '2016-12-23', '1175719475860096', '2016-12-23 19:21:47'),
('223.206.234.75', '', '2016-12-24', '1175719475860096', '2016-12-24 15:40:22'),
('223.206.234.75', '', '2016-12-24', '1610517895921889', '2016-12-24 15:41:20'),
('223.206.234.75', '', '2016-12-24', '604828773035227', '2016-12-24 15:41:24'),
('223.206.234.75', '', '2016-12-24', '1070076479781900', '2016-12-24 15:41:26'),
('223.206.234.75', '', '2016-12-24', '102963730200283', '2016-12-24 15:41:27'),
('183.89.102.7', '', '2016-12-24', '1175719475860096', '2016-12-24 21:22:53'),
('223.205.250.100', '', '2016-12-26', '1175719475860096', '2016-12-26 11:41:24'),
('223.206.251.188', '', '2016-12-26', '1175719475860096', '2016-12-26 19:31:39'),
('173.252.123.131', '', '2016-12-26', '1175719475860096', '2016-12-26 21:10:47'),
('223.206.235.101', '1175719475860096', '2016-12-29', '1175719475860096', '2016-12-29 18:07:37'),
('49.228.113.247', '', '2016-12-30', '1175719475860096', '2016-12-30 11:25:11'),
('223.206.250.5', '1175719475860096', '2017-01-03', '1175719475860096', '2017-01-03 20:05:27'),
('173.252.123.146', '', '2017-01-03', '1175719475860096', '2017-01-03 20:05:34'),
('223.206.246.190', '1175719475860096', '2017-01-04', '1175719475860096', '2017-01-04 18:30:29'),
('223.206.246.190', '1175719475860096', '2017-01-04', '604828773035227', '2017-01-04 18:58:03'),
('223.206.246.190', '1175719475860096', '2017-01-05', '1175719475860096', '2017-01-05 05:45:20'),
('223.206.248.40', '', '2017-01-05', '1175719475860096', '2017-01-05 19:37:26'),
('199.59.150.181', '', '2017-01-06', '604828773035227', '2017-01-06 12:12:48'),
('199.59.150.183', '', '2017-01-06', '1175719475860096', '2017-01-06 12:13:17'),
('223.206.235.114', '1175719475860096', '2017-01-07', '1175719475860096', '2017-01-07 15:03:26'),
('66.249.82.193', '', '2017-01-07', '1175719475860096', '2017-01-07 15:04:17'),
('66.249.82.193', '1070076479781900', '2017-01-07', '1070076479781900', '2017-01-07 15:05:40'),
('69.63.188.201', '', '2017-01-07', '1070076479781900', '2017-01-07 15:05:47'),
('223.206.235.114', '1175719475860096', '2017-01-07', '1070076479781900', '2017-01-07 23:33:30'),
('223.206.235.114', '1175719475860096', '2017-01-08', '1175719475860096', '2017-01-08 00:16:03'),
('223.206.235.114', '', '2017-01-08', '604828773035227', '2017-01-08 00:19:09'),
('173.252.123.139', '', '2017-01-08', '604828773035227', '2017-01-08 00:19:15'),
('223.206.235.114', '', '2017-01-08', '1070076479781900', '2017-01-08 00:19:28'),
('223.206.249.209', '1175719475860096', '2017-01-08', '1175719475860096', '2017-01-08 10:29:34'),
('66.249.82.195', '', '2017-01-08', '1175719475860096', '2017-01-08 20:15:41'),
('66.249.82.193', '', '2017-01-08', '1175719475860096', '2017-01-08 20:20:16'),
('66.249.82.193', '1070076479781900', '2017-01-08', '1070076479781900', '2017-01-08 20:29:15'),
('66.249.82.223', '', '2017-01-09', '1175719475860096', '2017-01-09 00:03:30'),
('66.249.82.193', '', '2017-01-09', '1175719475860096', '2017-01-09 00:03:47'),
('202.29.230.237', '', '2017-01-09', '1175719475860096', '2017-01-09 11:29:25'),
('66.249.82.195', '', '2017-01-09', '1175719475860096', '2017-01-09 18:00:23'),
('223.206.246.146', '', '2017-01-09', '1175719475860096', '2017-01-09 18:47:46'),
('66.249.71.159', '', '2017-01-11', '604828773035227', '2017-01-11 09:03:35'),
('66.249.71.159', '', '2017-01-11', '102963730200283', '2017-01-11 09:03:55'),
('66.249.71.159', '', '2017-01-11', '1610517895921889', '2017-01-11 09:04:15'),
('66.249.79.87', '', '2017-01-11', '1175719475860096', '2017-01-11 09:04:35'),
('66.249.79.87', '', '2017-01-11', '1070076479781900', '2017-01-11 09:04:55'),
('66.249.71.131', '', '2017-01-11', '119545001871016', '2017-01-11 09:09:15'),
('66.249.71.129', '', '2017-01-11', '126011287888423', '2017-01-11 09:09:35'),
('66.249.71.159', '', '2017-01-11', '111397732687691', '2017-01-11 09:09:55'),
('104.154.255.31', '', '2017-01-11', '1175719475860096', '2017-01-11 18:17:23'),
('199.16.157.182', '', '2017-01-11', '1175719475860096', '2017-01-11 20:43:11'),
('66.249.82.195', '', '2017-01-12', '1175719475860096', '2017-01-12 00:27:04'),
('49.48.132.157', '', '2017-01-12', '1175719475860096', '2017-01-12 20:27:11'),
('49.48.132.157', '', '2017-01-13', '1175719475860096', '2017-01-13 08:56:47'),
('49.48.132.157', '', '2017-01-13', '604828773035227', '2017-01-13 09:11:39'),
('180.183.18.91', '', '2017-01-13', '1175719475860096', '2017-01-13 14:18:53'),
('49.48.132.157', '', '2017-01-14', '1175719475860096', '2017-01-14 12:39:18'),
('173.252.123.146', '', '2017-01-14', '1175719475860096', '2017-01-14 12:42:09'),
('66.249.82.195', '1070076479781900', '2017-01-15', '1070076479781900', '2017-01-15 21:32:24'),
('223.204.14.93', '', '2017-01-22', '1175719475860096', '2017-01-22 08:38:15'),
('173.252.123.132', '', '2017-01-22', '1175719475860096', '2017-01-22 08:38:31'),
('223.206.128.225', '1175719475860096', '2017-01-24', '1175719475860096', '2017-01-24 22:33:46'),
('202.29.220.186', '', '2017-01-30', '1175719475860096', '2017-01-30 14:50:48'),
('223.206.235.237', '', '2017-02-05', '1175719475860096', '2017-02-05 23:06:47'),
('223.206.232.175', '', '2017-02-07', '1175719475860096', '2017-02-07 06:20:31'),
('202.29.220.186', '', '2017-02-08', '1175719475860096', '2017-02-08 15:25:32'),
('202.29.220.186', '', '2017-02-09', '1070076479781900', '2017-02-09 14:33:26'),
('199.16.157.183', '', '2017-02-11', '1175719475860096', '2017-02-11 06:58:32'),
('223.206.246.60', '', '2017-02-12', '1175719475860096', '2017-02-12 19:07:41'),
('173.252.123.145', '', '2017-02-12', '1175719475860096', '2017-02-12 19:08:19'),
('104.198.250.122', '', '2017-02-13', '1175719475860096', '2017-02-13 15:40:07'),
('66.249.79.167', '', '2017-02-24', '119545001871016', '2017-02-24 14:59:54'),
('66.249.79.159', '', '2017-02-24', '604828773035227', '2017-02-24 15:01:06'),
('66.249.79.159', '', '2017-02-24', '102963730200283', '2017-02-24 15:01:33'),
('66.249.71.131', '', '2017-02-24', '126011287888423', '2017-02-24 15:02:01'),
('66.249.71.159', '', '2017-02-24', '111397732687691', '2017-02-24 15:02:29'),
('66.249.71.159', '', '2017-02-24', '1610517895921889', '2017-02-24 15:02:58'),
('66.249.71.129', '', '2017-02-24', '1175719475860096', '2017-02-24 15:03:27'),
('223.206.235.32', '', '2017-02-28', '1175719475860096', '2017-02-28 11:28:36'),
('223.206.235.32', '1175719475860096', '2017-03-01', '1175719475860096', '2017-03-01 02:37:01'),
('223.206.235.32', '1175719475860096', '2017-03-01', '604828773035227', '2017-03-01 02:37:14'),
('173.252.123.136', '', '2017-03-01', '1175719475860096', '2017-03-01 10:59:34'),
('223.206.235.32', '', '2017-03-02', '1175719475860096', '2017-03-02 16:24:21'),
('223.206.232.56', '', '2017-03-03', '1175719475860096', '2017-03-03 08:00:29'),
('64.233.173.151', '1175719475860096', '2017-03-03', '1175719475860096', '2017-03-03 09:12:25'),
('223.206.248.232', '', '2017-03-04', '1175719475860096', '2017-03-04 09:05:53'),
('223.206.248.232', '', '2017-03-04', '604828773035227', '2017-03-04 11:14:46'),
('223.206.248.232', '', '2017-03-04', '102963730200283', '2017-03-04 11:14:53'),
('223.206.248.232', '', '2017-03-04', '1610517895921889', '2017-03-04 11:15:01'),
('64.233.173.151', '', '2017-03-04', '1175719475860096', '2017-03-04 21:39:29'),
('223.206.248.232', '', '2017-03-05', '604828773035227', '2017-03-05 08:01:22'),
('223.206.248.232', '', '2017-03-05', '1175719475860096', '2017-03-05 08:01:25'),
('223.206.247.144', '', '2017-03-10', '1175719475860096', '2017-03-10 19:44:10'),
('49.48.128.64', '', '2017-03-14', '1175719475860096', '2017-03-14 20:32:05'),
('66.249.82.213', '', '2017-04-17', '1175719475860096', '2017-04-17 20:54:42'),
('66.249.82.215', '', '2017-04-17', '1175719475860096', '2017-04-17 20:55:03'),
('66.249.82.211', '', '2017-04-17', '1175719475860096', '2017-04-17 20:55:10'),
('223.206.234.91', '', '2017-04-18', '1175719475860096', '2017-04-18 01:03:41'),
('223.206.232.114', '', '2017-04-24', '1175719475860096', '2017-04-24 11:57:01'),
('66.249.71.147', '', '2017-04-27', '119545001871016', '2017-04-27 19:30:00'),
('66.249.71.149', '', '2017-04-27', '126011287888423', '2017-04-27 19:30:29'),
('66.249.71.147', '', '2017-04-27', '111397732687691', '2017-04-27 19:30:58'),
('66.249.79.85', '', '2017-04-27', '102963730200283', '2017-04-27 19:31:56'),
('66.249.79.89', '', '2017-04-27', '604828773035227', '2017-04-27 19:32:54'),
('66.249.71.149', '', '2017-04-27', '1175719475860096', '2017-04-27 19:33:23'),
('66.249.79.85', '', '2017-04-27', '1610517895921889', '2017-04-27 19:33:52'),
('66.249.71.151', '', '2017-04-27', '1070076479781900', '2017-04-27 19:34:21'),
('223.206.247.232', '', '2017-04-28', '1175719475860096', '2017-04-28 14:15:50'),
('223.206.247.232', '', '2017-04-29', '1175719475860096', '2017-04-29 12:20:53'),
('172.68.65.84', '', '2017-04-29', '126011287888423', '2017-04-29 22:48:42'),
('172.68.65.30', '', '2017-04-29', '119545001871016', '2017-04-29 22:48:45'),
('162.158.78.28', '', '2017-04-29', '604828773035227', '2017-04-29 22:48:49'),
('172.68.65.90', '', '2017-04-29', '1610517895921889', '2017-04-29 22:48:51'),
('162.158.79.29', '', '2017-04-29', '102963730200283', '2017-04-29 22:48:53'),
('162.158.79.5', '', '2017-04-29', '1070076479781900', '2017-04-29 22:48:55'),
('162.158.79.53', '', '2017-04-29', '1175719475860096', '2017-04-29 22:48:58'),
('162.158.78.118', '', '2017-04-29', '111397732687691', '2017-04-29 22:49:03'),
('172.68.144.103', '', '2017-05-08', '1175719475860096', '2017-05-08 12:14:08'),
('172.68.144.103', '', '2017-05-08', '1070076479781900', '2017-05-08 12:34:56'),
('172.68.144.103', '', '2017-05-08', '604828773035227', '2017-05-08 12:35:01'),
('172.68.144.103', '', '2017-05-08', '1610517895921889', '2017-05-08 12:35:04'),
('172.68.58.5', '', '2017-05-09', '1070076479781900', '2017-05-09 01:02:41'),
('172.68.6.40', '', '2017-05-09', '1175719475860096', '2017-05-09 19:44:29');
COMMIT;

/*!40101 SET CHARACTER_SET_CLIENT=@OLD_CHARACTER_SET_CLIENT */;
/*!40101 SET CHARACTER_SET_RESULTS=@OLD_CHARACTER_SET_RESULTS */;
/*!40101 SET COLLATION_CONNECTION=@OLD_COLLATION_CONNECTION */;
